{
    "median_rent": 1360.3333333333333,
    "average_rent": 1357.6666666666667,
    "percentile_25": 1262.375,
    "percentile_75": 1348.0
}