{
    "median_rent": 1300.3333333333333,
    "average_rent": 1297.3333333333333,
    "percentile_25": 1156.0,
    "percentile_75": 1290.5
}