{
    "median_rent": 1371.6666666666667,
    "average_rent": 1365.6666666666667,
    "percentile_25": 1261.75,
    "percentile_75": 1358.25
}