{
    "3yr": 24.934700891961725,
    "5yr": 19.909912120601515,
    "10yr": 11.787480854635234
}