{
    "3yr": 25.38209844642594,
    "5yr": 20.16737001970195,
    "10yr": 11.90742564222802
}