{
    "3yr": 24.79423000569696,
    "5yr": 19.829001175021823,
    "10yr": 11.749759381416357
}