{
    "3yr": 24.878550457031466,
    "5yr": 19.87757395189458,
    "10yr": 11.77240601172147
}