{
    "3yr": 25.046850593916137,
    "5yr": 19.974484000863345,
    "10yr": 11.817575765844612
}